claim_id,claim,theorem_or_lemma,proof_or_checker,source_or_test,experiment,figure_or_table,raw_result,maturity,fresh_recheck,limitations
C01,Full repair succeeds and 0 <= A <= U <= p,Definitions; topological induction,proofs/theory.md; speculation/bitcheck.py,unit tests; relation/general families,relations; general,model equations,results/validation/relations.csv; results/validation/general.csv,proved in prose; finite-checked,2026-09-17 final campaign and exact self-reproduction,private deterministic Boolean DAG only; cost excludes search/reference/suffix work
C02,"Terminal pointwise, adaptive, and uniform budget decisions are NP-, Pi_2^P-, and Sigma_2^P-complete",Main Lemma 1; Main Theorem 4,proofs/theory.md; speculation/builders.py; speculation/validate.py,quantified relation oracles; translated circuits,relations; circuits,main Lemma 1 and Tables II-III,results/validation/relations.csv; results/validation/circuits.csv,proved in prose; finite-checked,"2026-10-06 Windows-adapted rerun: 1,056 relation views and 128 translated circuits now check exact m/m+1 costs; retained rows and counts matched",not mechanized; quantified-circuit machinery is prior art; current native Linux reproduction remains separate
C03,Terminal hardness retains a COPY-only tree prefix and upward-closed successful families,Main Lemma 1,proofs/theory.md; speculation/validate.py,all single-node extensions of small relation families,relations,main Lemma 1 and Table III,results/validation/relations.json,proved in prose; finite-checked,"526,336 environment/repair-extension edges",tree restriction is only the speculative prefix
C04,Complete-state observation has the unique least mismatch-set repair,Main Theorem 1,proofs/theory.md; speculation/replay.py; speculation/baselines.py,general DAGs; closed-form oracle,general; baselines,main Eq. 5-6,results/validation/general.csv; results/validation/baselines.csv,proved in prose; finite-checked,"16,384 full-state mask/environment rows plus random baseline checks",reference computation is outside repair cost
C05,Complete-state pointwise is in P and adaptive/uniform budget decisions are coNP-complete,Main Theorem 2,proofs/theory.md; speculation/builders.py,two polynomial padding reductions over all nonempty two-variable CNFs,padding,main Table II,results/validation/padding.csv,proved in prose; finite-checked,"510 graph instances; 4,080 repaired-environment rows",finite checks do not prove unbounded hardness
C06,"Observer refinement cannot decrease pointwise, adaptive, or uniform cost",Main Theorem 3,proofs/theory.md; speculation/validate.py,paired terminal and complete-state costs on fixed-seed DAGs,baselines,main Table I,results/validation/baselines.csv,proved in prose; finite-checked,"1,024 environment rows",comparison assumes identical graph/cache/domain/repair semantics
C07,Declared descendant invalidation is safe and has a tight factor-p over-repair ratio for positive complete-state optimum,Main Theorem 5,proofs/theory.md; speculation/baselines.py; speculation/builders.py,tight family plus fixed-seed random DAGs,baselines,main Fig. 2 and Table IV,results/validation/baselines.csv,proved in prose; finite-checked,"12 tight sizes; 2,072 soundness rows; 128 random DAGs; 53 strict gaps; 120 positive optima; maximum ratio 4; exact mean 187/144",no finite multiplicative ratio at zero optimum; pure declared DAG only
C08,The maximum positive adaptive/uniform ratio U/A is p,Main Theorem 6,proofs/theory.md; speculation/builders.py,"star family for p=1..8; exhaustive success-family predicate for p=1,2,3",gaps,main Fig. 3,results/validation/gaps.csv,proved in prose; finite-checked,"eight exact sizes with A=1 and U=p; 168 environment/mask pairs for p=1,2,3; all nonzero unit vectors force their active slot",unit node cost; excludes A=0
C09,Private components compose pointwise/uniformly; shared inputs invalidate addition of adaptive scalar maxima,Main Theorem 7,proofs/theory.md; speculation/validate.py,shared-input counterexample,gaps,main composition equations,results/validation/gaps.json,proved in prose; example finite-checked,"joint A=1, separate A sum=2, joint U=2",disjoint private gates and separately observed outputs
C10,Certificate rows store environment/selected/cache/trace/output; the verifier replays stored fields and recomputes the reference output,Certificate argument,speculation/replay.py; speculation/__main__.py,retained and generated certificates; negative controls,general; negatives,supplement certificate section,cases/active-input-gap-certificate.json; results/validation/negatives.csv,finite-checked implementation property,retained and freshly generated certificates both verified,explicit tables may be exponential; certificate alone does not prove optimality
C11,"Bit evaluation and scalar replay agree on the success predicate for the specified relation, circuit, and general-DAG mask/environment pairs","Implementation cross-check, not general theorem",speculation/bitcheck.py; speculation/replay.py,"designated (1,1) relation family; 128 translated circuits; 128 general DAGs under both observers",relations; circuits; general,main Table III,results/validation/relations.json; results/validation/circuits.json; results/validation/general.json,measured finite check,"2,048 + 40,960 + 32,768 = 75,776 success-predicate comparisons; exact self-reproduction",shared data schema; no claim of complete-trace equality between implementations or independent scientific review
C12,All 24 declared negative controls are detected,Schema and certificate invariants; exact reduction-cost oracle,speculation/model.py; speculation/replay.py; speculation/validate.py; tests/test_model.py,24 controlled mutations; 13 original unit tests plus 2 cost-oracle regressions,negatives; unit tests,main Table V,results/validation/negatives.csv; results/unit-tests.txt (historical 13-test log),finite-checked,2026-10-06 Windows-adapted rerun passed 24/24 controls and 15/15 current unit tests,does not discover unmodeled website/native effects; local rerun is not native Linux reproduction
C13,"The bounded contribution is distinct from the reviewed dependency tracking, incremental rebuilding, speculation, transaction, diagnosis, quantified repair, and graph-constrained rollback/replay formulations",Scoped literature comparison,literature-notes.md; literature-calibration.csv; reference-verification.csv,12 TPDS + 5 influential + 5 adjacent full papers; 7 additional direct/closest comparisons; all 39 cited references individually reconciled,literature screening,main Tables VI-VII,literature-calibration.csv; reference-verification.csv; external_resources.csv,literature comparison complete for internal lock,"2026-09-19 metadata, relevance, preprint status, and closest-work recheck",no universal priority claim; future reviewers may identify more work
C14,The supplied IEEEtran package has a 12-page main-paper build contract with 39 cited references and a separate proof supplement,Paper build contract,paper/build.py; paper/main.tex; paper/supplement.tex,three-pass TeX/BibTeX builds and log checks,paper build,main.pdf; supplement.pdf,paper/main.pdf; paper/supplement.pdf,historical build and visual inspection,"Historical 2026-09-19: 12/6 pages, 39 bibitems, letter size, embedded fonts, clean logs, and rendered-page inspection passed",edited TeX needs a new build and PDF inspection; live interactive TPDS submission rules require human recheck before external use
C15,The standalone artifact compares all retained CSV rows and counts from a fresh output directory,Reproduction contract,reproduce.py,unit tests plus seven child suites and CLI certificate roundtrip,clean reproduction,artifact README,results/clean-reproduction.json,historical native reproduction; current adapted finite match,"Historical named-archive reproduction passed; 2026-10-06 Windows-adapted local rerun matched all retained suite CSVs/counts and passed 15 current tests","edited runner still needs native Linux reproduction; self-reproduction is not independent review, proof-assistant verification, browser validation, or proof of scientific novelty"
C16,"For any observer projected from complete state, pointwise optimum is bounded by mismatch repair, which is bounded by descendant invalidation; mismatch and descendant unions give uniform upper bounds","Main Theorems 1, 3, and 5; main Eq. 13",paper/main.tex; proofs/theory.md; speculation/baselines.py,"principal-family proof, projection argument, descendant-soundness and refinement checks",baselines; general,main Eq. 13 and certificate-ladder discussion,results/validation/baselines.csv; results/validation/general.csv,proved in prose; finite-checked components,2026-09-19 proof dependency and displayed inequality reconciled after final manuscript repair,semantic upper bounds; reference evaluation and environment enumeration are not charged or made efficient
