name,scholarly_or_official_url,license,access_date,resource_type,acquisition_method,integration_mode,supported_claim,internals_modified
Adaptive Functional Programming,https://doi.org/10.1145/1186632.1186634,publisher/author/arXiv scholarly record; redistribution rights not assumed; no third-party full text redistributed,2026-09-19,research article,public primary scholarly record; publisher DOI and full paper; full paper inspected,"citation and technical comparison only; no external executable, model, service, benchmark, or data integrated",change-propagation foundation,no
"Adapton: Composable, Demand-Driven Incremental Computation",https://doi.org/10.1145/2594291.2594324,publisher/author/arXiv scholarly record; redistribution rights not assumed; no third-party full text redistributed,2026-09-19,research article,"public primary scholarly record; ACM DOI, author/archival full paper, and artifact page; metadata and substantive paper sections inspected","citation and technical comparison only; no external executable, model, service, benchmark, or data integrated",demand-driven observer-aware incremental computation comparison,no
From Faulty Memories to Corrected Actions: Dependency-Guided Rollback Repair for Memory-Augmented Agents,https://arxiv.org/abs/2608.10502,publisher/author/arXiv scholarly record; redistribution rights not assumed; no third-party full text redistributed,2026-09-19,research preprint,public primary scholarly record; arXiv primary record and full preprint; full preprint inspected,"citation and technical comparison only; no external executable, model, service, benchmark, or data integrated",dependency-guided selective rollback/replay comparison,no
Syntax-Guided Automated Program Repair for Hyperproperties,https://doi.org/10.1007/978-3-031-65633-0_1,publisher/author/arXiv scholarly record; redistribution rights not assumed; no third-party full text redistributed,2026-09-19,research article,public primary scholarly record; Springer DOI and full paper; full paper inspected,"citation and technical comparison only; no external executable, model, service, benchmark, or data integrated",recent syntax-guided hyperproperty repair,no
Program Repair for Hyperproperties,https://finkbeiner.groups.cispa.de/_assets/paper.DT0xeRrR.pdf,publisher/author/arXiv scholarly record; redistribution rights not assumed; no third-party full text redistributed,2026-09-19,research article,public primary scholarly record; author-hosted full paper and arXiv record; full paper inspected,"citation and technical comparison only; no external executable, model, service, benchmark, or data integrated",hyperproperty-repair complexity comparison,no
Build Systems à la Carte,https://doi.org/10.1145/3236774,publisher/author/arXiv scholarly record; redistribution rights not assumed; no third-party full text redistributed,2026-09-19,research article,public primary scholarly record; ACM DOI and author-hosted full paper; full paper inspected,"citation and technical comparison only; no external executable, model, service, benchmark, or data integrated",closest target-only/internal-state and minimal rebuilding comparison,no
Distributed Snapshots: Determining Global States of Distributed Systems,https://doi.org/10.1145/214451.214456,publisher/author/arXiv scholarly record; redistribution rights not assumed; no third-party full text redistributed,2026-09-19,research article,public primary scholarly record; publisher DOI and full paper; metadata and relevant consistency definition inspected,"citation and technical comparison only; no external executable, model, service, benchmark, or data integrated",global-state observation foundation,no
Online Job Scheduling with Redundancy and Opportunistic Checkpointing: A Speedup-Function-Based Analysis,https://doi.org/10.1109/TPDS.2018.2871135,publisher/author/arXiv scholarly record; redistribution rights not assumed; no third-party full text redistributed,2026-09-19,research article,public primary scholarly record; publisher DOI and full paper; full paper inspected,"citation and technical comparison only; no external executable, model, service, benchmark, or data integrated",checkpoint/scheduling distinction,no
Design Space Exploration of a Software Speculative Parallelization Scheme,https://doi.org/10.1109/TPDS.2005.69,publisher/author/arXiv scholarly record; redistribution rights not assumed; no third-party full text redistributed,2026-09-19,research article,public primary scholarly record; publisher DOI and full paper; full paper inspected,"citation and technical comparison only; no external executable, model, service, benchmark, or data integrated",software speculation design-space comparison,no
Dynamic Critical-Path Scheduling: An Effective Technique for Allocating Task Graphs to Multiprocessors,https://doi.org/10.1109/71.503776,publisher/author/arXiv scholarly record; redistribution rights not assumed; no third-party full text redistributed,2026-09-19,research article,public primary scholarly record; publisher DOI and full paper; full paper inspected,"citation and technical comparison only; no external executable, model, service, benchmark, or data integrated",dependency reachability for scheduling distinction,no
Diagnosing Multiple Faults,https://doi.org/10.1016/0004-3702(87)90063-4,publisher/author/arXiv scholarly record; redistribution rights not assumed; no third-party full text redistributed,2026-09-19,research article,public primary scholarly record; publisher DOI record; metadata and theorem/problem framing inspected,"citation and technical comparison only; no external executable, model, service, benchmark, or data integrated",multiple-fault diagnosis foundation,no
Simplifying and Isolating Failure-Inducing Input,https://doi.org/10.1109/32.988498,publisher/author/arXiv scholarly record; redistribution rights not assumed; no third-party full text redistributed,2026-09-19,research article,public primary scholarly record; IEEE DOI and full paper; metadata and algorithm/problem framing inspected,"citation and technical comparison only; no external executable, model, service, benchmark, or data integrated",failure-inducing minimization comparison,no
Incremental Evaluation for Attribute Grammars with Application to Syntax-Directed Editors,https://doi.org/10.1145/567532.567544,publisher/author/arXiv scholarly record; redistribution rights not assumed; no third-party full text redistributed,2026-09-19,research article,public primary scholarly record; ACM DOI/full-paper record; metadata and substantive paper sections inspected,"citation and technical comparison only; no external executable, model, service, benchmark, or data integrated",classical dependency-directed incremental evaluation,no
Dryad: Distributed Data-Parallel Programs from Sequential Building Blocks,https://doi.org/10.1145/1272996.1273005,publisher/author/arXiv scholarly record; redistribution rights not assumed; no third-party full text redistributed,2026-09-19,research article,public primary scholarly record; ACM DOI and full paper; full paper inspected,"citation and technical comparison only; no external executable, model, service, benchmark, or data integrated",distributed DAG substrate distinction,no
Automatic Software Repair: A Survey,https://doi.org/10.1109/TSE.2017.2755013,publisher/author/arXiv scholarly record; redistribution rights not assumed; no third-party full text redistributed,2026-09-19,survey article,public primary scholarly record; IEEE DOI and full survey; survey scope and relevant repair taxonomy inspected,"citation and technical comparison only; no external executable, model, service, benchmark, or data integrated",software-repair landscape,no
Transaction Processing: Concepts and Techniques,https://www.sciencedirect.com/book/9781558601901/transaction-processing,publisher/author/arXiv scholarly record; redistribution rights not assumed; no third-party full text redistributed,2026-09-19,scholarly book,public primary scholarly record; publisher book record; ISBN 978-1-55860-190-1; relevant transaction-state concepts inspected,"citation and technical comparison only; no external executable, model, service, benchmark, or data integrated",tentative versus committed state background,no
Performance-Effective and Low-Complexity Task Scheduling for Heterogeneous Computing,https://doi.org/10.1109/71.993206,publisher/author/arXiv scholarly record; redistribution rights not assumed; no third-party full text redistributed,2026-09-19,research article,public primary scholarly record; publisher DOI and full paper; full paper inspected,"citation and technical comparison only; no external executable, model, service, benchmark, or data integrated",heterogeneous DAG scheduling distinction,no
Transactional Memory: Architectural Support for Lock-Free Data Structures,https://doi.org/10.1109/ISCA.1993.698569,publisher/author/arXiv scholarly record; redistribution rights not assumed; no third-party full text redistributed,2026-09-19,research article,public primary scholarly record; IEEE DOI/proceedings record; metadata and substantive paper sections inspected,"citation and technical comparison only; no external executable, model, service, benchmark, or data integrated",transactional-memory rollback/commit comparison,no
Virtual Time,https://doi.org/10.1145/3916.3988,publisher/author/arXiv scholarly record; redistribution rights not assumed; no third-party full text redistributed,2026-09-19,research article,public primary scholarly record; publisher DOI and full paper; full paper inspected,"citation and technical comparison only; no external executable, model, service, benchmark, or data integrated",optimistic distributed rollback foundation,no
On Optimistic Methods for Concurrency Control,https://doi.org/10.1145/319566.319567,publisher/author/arXiv scholarly record; redistribution rights not assumed; no third-party full text redistributed,2026-09-19,research article,public primary scholarly record; publisher DOI and full paper; full paper inspected,"citation and technical comparison only; no external executable, model, service, benchmark, or data integrated",optimistic validation/commit foundation,no
Linearizability: A Correctness Condition for Concurrent Objects,https://doi.org/10.1145/78969.78972,publisher/author/arXiv scholarly record; redistribution rights not assumed; no third-party full text redistributed,2026-09-19,research article,public primary scholarly record; publisher DOI and full paper; metadata and relevant correctness definition inspected,"citation and technical comparison only; no external executable, model, service, benchmark, or data integrated",visibility/correctness-contract foundation,no
Mako: Speculative Distributed Transactions with Geo-Replication,https://www.usenix.org/system/files/osdi25-shen-weihai.pdf,publisher/author/arXiv scholarly record; redistribution rights not assumed; no third-party full text redistributed,2026-09-19,research article,public primary scholarly record; official USENIX full paper; full paper inspected,"citation and technical comparison only; no external executable, model, service, benchmark, or data integrated",closest transactional speculation and bounded rollback comparison,no
MapReduce: Simplified Data Processing on Large Clusters,https://www.usenix.org/legacy/events/osdi04/tech/full_papers/dean/dean.pdf,publisher/author/arXiv scholarly record; redistribution rights not assumed; no third-party full text redistributed,2026-09-19,research article,public primary scholarly record; official USENIX full paper; full paper inspected,"citation and technical comparison only; no external executable, model, service, benchmark, or data integrated",dataflow exposition and distributed-computation distinction,no
MEMOREPAIR: Barrier-First Cascade Repair in Agentic Memory,https://arxiv.org/abs/2605.07242,publisher/author/arXiv scholarly record; redistribution rights not assumed; no third-party full text redistributed,2026-09-19,research preprint,public primary scholarly record; arXiv primary record and full preprint; full preprint inspected,"citation and technical comparison only; no external executable, model, service, benchmark, or data integrated",predecessor-closed cascade repair comparison,no
Automatic Software Repair: A Bibliography,https://doi.org/10.1145/3105906,publisher/author/arXiv scholarly record; redistribution rights not assumed; no third-party full text redistributed,2026-09-19,survey article,public primary scholarly record; ACM DOI and full survey; survey scope and relevant repair taxonomy inspected,"citation and technical comparison only; no external executable, model, service, benchmark, or data integrated",repair-operator and oracle taxonomy,no
Localizing Emergent Failures in Agentic AI: Recovering Minimal Repair Families via Counterfactual Replay,https://arxiv.org/abs/2608.29228,publisher/author/arXiv scholarly record; redistribution rights not assumed; no third-party full text redistributed,2026-09-19,research preprint,public primary scholarly record; arXiv primary record and full preprint; full preprint inspected,"citation and technical comparison only; no external executable, model, service, benchmark, or data integrated",newest bounded minimal repair-family comparison,no
Must Fault Localization for Program Repair,https://doi.org/10.1007/978-3-030-53291-8_33,publisher/author/arXiv scholarly record; redistribution rights not assumed; no third-party full text redistributed,2026-09-19,research article,public primary scholarly record; Springer DOI and full paper; metadata and substantive theorem/method sections inspected,"citation and technical comparison only; no external executable, model, service, benchmark, or data integrated",repair-spanning fault-set comparison,no
Oblique: Accelerating Page Loads Using Symbolic Execution,https://www.usenix.org/system/files/nsdi21-ko.pdf,publisher/author/arXiv scholarly record; redistribution rights not assumed; no third-party full text redistributed,2026-09-19,research article,public primary scholarly record; official USENIX full paper; full paper inspected,"citation and technical comparison only; no external executable, model, service, benchmark, or data integrated",symbolic web prefetching and its modeling limits,no
List Scheduling Algorithm for Heterogeneous Systems by an Optimistic Cost Table,https://doi.org/10.1109/TPDS.2013.57,publisher/author/arXiv scholarly record; redistribution rights not assumed; no third-party full text redistributed,2026-09-19,research article,public primary scholarly record; publisher DOI and full paper; full paper inspected,"citation and technical comparison only; no external executable, model, service, benchmark, or data integrated",optimistic-cost DAG scheduling distinction,no
The Case for Phase-Based Transactional Memory,https://doi.org/10.1109/TPDS.2018.2861712,publisher/author/arXiv scholarly record; redistribution rights not assumed; no third-party full text redistributed,2026-09-19,research article,public primary scholarly record; publisher DOI and full paper; full paper inspected,"citation and technical comparison only; no external executable, model, service, benchmark, or data integrated",transaction phase/rollback mechanism comparison,no
Polaris: Faster Page Loads Using Fine-Grained Dependency Tracking,https://www.usenix.org/system/files/conference/nsdi16/nsdi16-paper-netravali.pdf,publisher/author/arXiv scholarly record; redistribution rights not assumed; no third-party full text redistributed,2026-09-19,research article,public primary scholarly record; official USENIX full paper; full paper inspected,"citation and technical comparison only; no external executable, model, service, benchmark, or data integrated",historical web dependency tracking; exact missing-dependency boundary,no
Safe Programmable Speculative Parallelism,https://doi.org/10.1145/1806596.1806603,publisher/author/arXiv scholarly record; redistribution rights not assumed; no third-party full text redistributed,2026-09-19,research article,public primary scholarly record; ACM DOI and author-hosted full paper; full paper inspected,"citation and technical comparison only; no external executable, model, service, benchmark, or data integrated",prior static speculation safety and observation distinctions,no
RCC: Speculative Write Versioning with Redo Logs,https://arxiv.org/abs/2607.19697,publisher/author/arXiv scholarly record; redistribution rights not assumed; no third-party full text redistributed,2026-09-19,research preprint,public primary scholarly record; arXiv primary record and full preprint; full preprint inspected,"citation and technical comparison only; no external executable, model, service, benchmark, or data integrated",recent transactional write-versioning comparison,no
User-Level Implementations of Read-Copy Update,https://doi.org/10.1109/TPDS.2011.159,publisher/author/arXiv scholarly record; redistribution rights not assumed; no third-party full text redistributed,2026-09-19,research article,public primary scholarly record; publisher DOI and full paper; full paper inspected,"citation and technical comparison only; no external executable, model, service, benchmark, or data integrated",concrete concurrency/reclamation comparison,no
A Theory of Diagnosis from First Principles,https://doi.org/10.1016/0004-3702(87)90062-2,publisher/author/arXiv scholarly record; redistribution rights not assumed; no third-party full text redistributed,2026-09-19,research article,public primary scholarly record; publisher DOI record; metadata and theorem/problem framing inspected,"citation and technical comparison only; no external executable, model, service, benchmark, or data integrated",minimal diagnosis foundation,no
Speedy Transactions in Multicore In-Memory Databases,https://doi.org/10.1145/2517349.2522713,publisher/author/arXiv scholarly record; redistribution rights not assumed; no third-party full text redistributed,2026-09-19,research article,public primary scholarly record; ACM DOI and official proceedings PDF; metadata and substantive paper sections inspected,"citation and technical comparison only; no external executable, model, service, benchmark, or data integrated",concrete optimistic transaction system comparison,no
The Polynomial-Time Hierarchy,https://doi.org/10.1016/0304-3975(76)90061-X,publisher/author/arXiv scholarly record; redistribution rights not assumed; no third-party full text redistributed,2026-09-19,research article,public primary scholarly record; publisher DOI record and primary article; definitions/completeness background inspected,"citation and technical comparison only; no external executable, model, service, benchmark, or data integrated",standard polynomial-hierarchy source,no
Using QBF to Increase the Accuracy of SAT-Based Debugging,https://agra.informatik.uni-bremen.de/doc/konf/iscas2010-qbf-debug.pdf,publisher/author/arXiv scholarly record; redistribution rights not assumed; no third-party full text redistributed,2026-09-19,research article,public primary scholarly record; author-hosted full paper and proceedings metadata; full paper inspected,"citation and technical comparison only; no external executable, model, service, benchmark, or data integrated",prior quantified debugging formulation,no
Response Time Bounds for Typed DAG Parallel Tasks on Heterogeneous Multi-Cores,https://doi.org/10.1109/TPDS.2019.2916696,publisher/author/arXiv scholarly record; redistribution rights not assumed; no third-party full text redistributed,2026-09-19,research article,public primary scholarly record; publisher DOI/arXiv record and full paper; full paper inspected,"citation and technical comparison only; no external executable, model, service, benchmark, or data integrated",response-time rather than repair-cost distinction,no
On Mixing Eventual and Strong Consistency: Acute Cloud Types,https://doi.org/10.1109/TPDS.2021.3090318,publisher/author scholarly record; redistribution rights not assumed; no third-party full text redistributed,2026-09-19,research article,public primary scholarly record; publisher DOI and full paper; full paper inspected,venue-writing calibration only; deliberately excluded from manuscript citations,venue calibration only; not cited in manuscript,no
Parallel and Distributed Bayesian Network Structure Learning,https://doi.org/10.1109/TPDS.2023.3326832,publisher/author scholarly record; redistribution rights not assumed; no third-party full text redistributed,2026-09-19,research article,public primary scholarly record; publisher DOI and full paper; full paper inspected,venue-writing calibration only; deliberately excluded from manuscript citations,venue calibration only; not cited in manuscript,no
cuPC: CUDA-Based Parallel PC Algorithm for Causal Structure Learning on GPU,https://doi.org/10.1109/TPDS.2019.2939126,publisher/author scholarly record; redistribution rights not assumed; no third-party full text redistributed,2026-09-19,research article,public primary scholarly record; publisher DOI and full paper; full paper inspected,venue-writing calibration only; deliberately excluded from manuscript citations,venue calibration only; not cited in manuscript,no
Exploiting Concurrency in Sharded Parallel State Machine Replication,https://doi.org/10.1109/TPDS.2021.3135761,publisher/author scholarly record; redistribution rights not assumed; no third-party full text redistributed,2026-09-19,research article,public primary scholarly record; publisher DOI and full paper; full paper inspected,venue-writing calibration only; deliberately excluded from manuscript citations,venue calibration only; not cited in manuscript,no
TPDS author information,https://www.computer.org/csdl/journal/td/write-for-us/15085?title=Author%20Information&periodical=IEEE%20Transactions%20on%20Parallel%20and%20Distributed%20Systems,publisher website; not redistributed,2026-09-19,official venue rules,public web; dynamic page exposed only a shell in this environment,workflow contract check only,detailed live submission rules require human recheck before external submission,no
IEEE Template Selector,https://template-selector.ieee.org/,publisher website; not redistributed,2026-09-19,official template selector,public web front page; interactive selection flow not fully fetchable,workflow check only; supplied IEEEtran assets used unchanged,current IEEE journal template family must be rechecked before external use,no
IEEE author guidance on AI-generated text,https://open.ieee.org/author-guidelines-for-artificial-intelligence-ai-generated-text/,IEEE policy page; not redistributed,2026-09-19,official policy,public web,disclosure boundary only,substantive AI assistance is disclosed and requires human author review before external use,no
IEEEtran.cls and IEEEtran.bst,https://www.ctan.org/pkg/ieeetran,LPPL 1.3; original in-file notices retained,2026-09-19,publisher-family template assets,matched supplied TEMPLATE.zip; structural and byte-level inspection,unchanged files in paper/ only,main and supplement use the supplied IEEE journal family,no
IEEE Authoring Tools and Templates,https://journals.ieeeauthorcenter.ieee.org/create-your-ieee-journal-article/authoring-tools-and-templates/,publisher website; not redistributed,2026-09-19,official author guidance,public first-party web page; substantive lines inspected,workflow contract check only,IEEE journal authors are directed to the IEEE article template selector and official validation tools,no
IEEE Prepare Supplementary Materials,https://journals.ieeeauthorcenter.ieee.org/create-your-ieee-journal-article/prepare-supplementary-materials/,publisher website; not redistributed,2026-09-19,official author guidance,public first-party web page; submission-format and separate-file passages inspected,workflow contract check only,supplementary PDF/text files are supported and should be labeled and uploaded separately,no
