bib_key,title,publication_type,venue_or_record,year,persistent_identifier_or_primary_record,metadata_verification_basis,content_inspection,manuscript_role,access_date,status
acar-afp,Adaptive Functional Programming,research article,ACM TOPLAS 28(6),2006,https://doi.org/10.1145/1186632.1186634,publisher DOI and full paper,full paper inspected,change-propagation foundation,2026-09-19,cited in main manuscript; metadata reconciled
adapton,"Adapton: Composable, Demand-Driven Incremental Computation",research article,PLDI 2014,2014,https://doi.org/10.1145/2594291.2594324,"ACM DOI, author/archival full paper, and artifact page",metadata and substantive paper sections inspected,demand-driven observer-aware incremental computation comparison,2026-09-19,cited in main manuscript; metadata reconciled
agentrollback,From Faulty Memories to Corrected Actions: Dependency-Guided Rollback Repair for Memory-Augmented Agents,research preprint,arXiv:2608.10502,2026,https://arxiv.org/abs/2608.10502,arXiv primary record and full preprint,full preprint inspected,dependency-guided selective rollback/replay comparison,2026-09-19,cited in main manuscript; metadata reconciled
beutner,Syntax-Guided Automated Program Repair for Hyperproperties,research article,CAV 2024,2024,https://doi.org/10.1007/978-3-031-65633-0_1,Springer DOI and full paper,full paper inspected,recent syntax-guided hyperproperty repair,2026-09-19,cited in main manuscript; metadata reconciled
bonakdarpour,Program Repair for Hyperproperties,research article,ATVA 2019,2019,https://finkbeiner.groups.cispa.de/_assets/paper.DT0xeRrR.pdf,author-hosted full paper and arXiv record,full paper inspected,hyperproperty-repair complexity comparison,2026-09-19,cited in main manuscript; metadata reconciled
buildsystems,Build Systems à la Carte,research article,"PACMPL 2 (ICFP), Article 79",2018,https://doi.org/10.1145/3236774,ACM DOI and author-hosted full paper,full paper inspected,closest target-only/internal-state and minimal rebuilding comparison,2026-09-19,cited in main manuscript; metadata reconciled
chandy-lamport,Distributed Snapshots: Determining Global States of Distributed Systems,research article,ACM TOCS 3(1),1985,https://doi.org/10.1145/214451.214456,publisher DOI and full paper,metadata and relevant consistency definition inspected,global-state observation foundation,2026-09-19,cited in main manuscript; metadata reconciled
checkpoint-scheduling,Online Job Scheduling with Redundancy and Opportunistic Checkpointing: A Speedup-Function-Based Analysis,research article,IEEE TPDS 30(4),2019,https://doi.org/10.1109/TPDS.2018.2871135,publisher DOI and full paper,full paper inspected,checkpoint/scheduling distinction,2026-09-19,cited in main manuscript; metadata reconciled
cintra,Design Space Exploration of a Software Speculative Parallelization Scheme,research article,IEEE TPDS 16(6),2005,https://doi.org/10.1109/TPDS.2005.69,publisher DOI and full paper,full paper inspected,software speculation design-space comparison,2026-09-19,cited in main manuscript; metadata reconciled
dcp,Dynamic Critical-Path Scheduling: An Effective Technique for Allocating Task Graphs to Multiprocessors,research article,IEEE TPDS 7(5),1996,https://doi.org/10.1109/71.503776,publisher DOI and full paper,full paper inspected,dependency reachability for scheduling distinction,2026-09-19,cited in main manuscript; metadata reconciled
dekleer,Diagnosing Multiple Faults,research article,Artificial Intelligence 32(1),1987,https://doi.org/10.1016/0004-3702(87)90063-4,publisher DOI record,metadata and theorem/problem framing inspected,multiple-fault diagnosis foundation,2026-09-19,cited in main manuscript; metadata reconciled
delta,Simplifying and Isolating Failure-Inducing Input,research article,IEEE TSE 28(2),2002,https://doi.org/10.1109/32.988498,IEEE DOI and full paper,metadata and algorithm/problem framing inspected,failure-inducing minimization comparison,2026-09-19,cited in main manuscript; metadata reconciled
demers,Incremental Evaluation for Attribute Grammars with Application to Syntax-Directed Editors,research article,POPL 1981,1981,https://doi.org/10.1145/567532.567544,ACM DOI/full-paper record,metadata and substantive paper sections inspected,classical dependency-directed incremental evaluation,2026-09-19,cited in main manuscript; metadata reconciled
dryad,Dryad: Distributed Data-Parallel Programs from Sequential Building Blocks,research article,EuroSys 2007,2007,https://doi.org/10.1145/1272996.1273005,ACM DOI and full paper,full paper inspected,distributed DAG substrate distinction,2026-09-19,cited in main manuscript; metadata reconciled
gazzola,Automatic Software Repair: A Survey,survey article,IEEE TSE 45(1),2019,https://doi.org/10.1109/TSE.2017.2755013,IEEE DOI and full survey,survey scope and relevant repair taxonomy inspected,software-repair landscape,2026-09-19,cited in main manuscript; metadata reconciled
gray-reuter,Transaction Processing: Concepts and Techniques,scholarly book,Morgan Kaufmann,1992,https://www.sciencedirect.com/book/9781558601901/transaction-processing,publisher book record; ISBN 978-1-55860-190-1,relevant transaction-state concepts inspected,tentative versus committed state background,2026-09-19,cited in main manuscript; metadata reconciled
heft,Performance-Effective and Low-Complexity Task Scheduling for Heterogeneous Computing,research article,IEEE TPDS 13(3),2002,https://doi.org/10.1109/71.993206,publisher DOI and full paper,full paper inspected,heterogeneous DAG scheduling distinction,2026-09-19,cited in main manuscript; metadata reconciled
herlihy-moss,Transactional Memory: Architectural Support for Lock-Free Data Structures,research article,ISCA 1993,1993,https://doi.org/10.1109/ISCA.1993.698569,IEEE DOI/proceedings record,metadata and substantive paper sections inspected,transactional-memory rollback/commit comparison,2026-09-19,cited in main manuscript; metadata reconciled
jefferson,Virtual Time,research article,ACM TOPLAS 7(3),1985,https://doi.org/10.1145/3916.3988,publisher DOI and full paper,full paper inspected,optimistic distributed rollback foundation,2026-09-19,cited in main manuscript; metadata reconciled
kung,On Optimistic Methods for Concurrency Control,research article,ACM TODS 6(2),1981,https://doi.org/10.1145/319566.319567,publisher DOI and full paper,full paper inspected,optimistic validation/commit foundation,2026-09-19,cited in main manuscript; metadata reconciled
linearizability,Linearizability: A Correctness Condition for Concurrent Objects,research article,ACM TOPLAS 12(3),1990,https://doi.org/10.1145/78969.78972,publisher DOI and full paper,metadata and relevant correctness definition inspected,visibility/correctness-contract foundation,2026-09-19,cited in main manuscript; metadata reconciled
mako,Mako: Speculative Distributed Transactions with Geo-Replication,research article,OSDI 2025,2025,https://www.usenix.org/system/files/osdi25-shen-weihai.pdf,official USENIX full paper,full paper inspected,closest transactional speculation and bounded rollback comparison,2026-09-19,cited in main manuscript; metadata reconciled
mapreduce,MapReduce: Simplified Data Processing on Large Clusters,research article,OSDI 2004,2004,https://www.usenix.org/legacy/events/osdi04/tech/full_papers/dean/dean.pdf,official USENIX full paper,full paper inspected,dataflow exposition and distributed-computation distinction,2026-09-19,cited in main manuscript; metadata reconciled
memorepair,MEMOREPAIR: Barrier-First Cascade Repair in Agentic Memory,research preprint,arXiv:2605.07242,2026,https://arxiv.org/abs/2605.07242,arXiv primary record and full preprint,full preprint inspected,predecessor-closed cascade repair comparison,2026-09-19,cited in main manuscript; metadata reconciled
monperrus,Automatic Software Repair: A Bibliography,survey article,ACM Computing Surveys 51(1),2018,https://doi.org/10.1145/3105906,ACM DOI and full survey,survey scope and relevant repair taxonomy inspected,repair-operator and oracle taxonomy,2026-09-19,cited in main manuscript; metadata reconciled
mrfr,Localizing Emergent Failures in Agentic AI: Recovering Minimal Repair Families via Counterfactual Replay,research preprint,arXiv:2608.29228 v2,2026,https://arxiv.org/abs/2608.29228,arXiv primary record and full preprint,full preprint inspected,newest bounded minimal repair-family comparison,2026-09-19,cited in main manuscript; metadata reconciled
mustfault,Must Fault Localization for Program Repair,research article,CAV 2020,2020,https://doi.org/10.1007/978-3-030-53291-8_33,Springer DOI and full paper,metadata and substantive theorem/method sections inspected,repair-spanning fault-set comparison,2026-09-19,cited in main manuscript; metadata reconciled
oblique,Oblique: Accelerating Page Loads Using Symbolic Execution,research article,NSDI 2021,2021,https://www.usenix.org/system/files/nsdi21-ko.pdf,official USENIX full paper,full paper inspected,symbolic web prefetching and its modeling limits,2026-09-19,cited in main manuscript; metadata reconciled
peft,List Scheduling Algorithm for Heterogeneous Systems by an Optimistic Cost Table,research article,IEEE TPDS 25(3),2014,https://doi.org/10.1109/TPDS.2013.57,publisher DOI and full paper,full paper inspected,optimistic-cost DAG scheduling distinction,2026-09-19,cited in main manuscript; metadata reconciled
phased-tm,The Case for Phase-Based Transactional Memory,research article,IEEE TPDS 30(2),2019,https://doi.org/10.1109/TPDS.2018.2861712,publisher DOI and full paper,full paper inspected,transaction phase/rollback mechanism comparison,2026-09-19,cited in main manuscript; metadata reconciled
polaris,Polaris: Faster Page Loads Using Fine-Grained Dependency Tracking,research article,NSDI 2016,2016,https://www.usenix.org/system/files/conference/nsdi16/nsdi16-paper-netravali.pdf,official USENIX full paper,full paper inspected,historical web dependency tracking; exact missing-dependency boundary,2026-09-19,cited in main manuscript; metadata reconciled
prabhu,Safe Programmable Speculative Parallelism,research article,PLDI 2010,2010,https://doi.org/10.1145/1806596.1806603,ACM DOI and author-hosted full paper,full paper inspected,prior static speculation safety and observation distinctions,2026-09-19,cited in main manuscript; metadata reconciled
rcc,RCC: Speculative Write Versioning with Redo Logs,research preprint,arXiv:2607.19697,2026,https://arxiv.org/abs/2607.19697,arXiv primary record and full preprint,full preprint inspected,recent transactional write-versioning comparison,2026-09-19,cited in main manuscript; metadata reconciled
rcu,User-Level Implementations of Read-Copy Update,research article,IEEE TPDS 23(2),2012,https://doi.org/10.1109/TPDS.2011.159,publisher DOI and full paper,full paper inspected,concrete concurrency/reclamation comparison,2026-09-19,cited in main manuscript; metadata reconciled
reiter,A Theory of Diagnosis from First Principles,research article,Artificial Intelligence 32(1),1987,https://doi.org/10.1016/0004-3702(87)90062-2,publisher DOI record,metadata and theorem/problem framing inspected,minimal diagnosis foundation,2026-09-19,cited in main manuscript; metadata reconciled
silo,Speedy Transactions in Multicore In-Memory Databases,research article,SOSP 2013,2013,https://doi.org/10.1145/2517349.2522713,ACM DOI and official proceedings PDF,metadata and substantive paper sections inspected,concrete optimistic transaction system comparison,2026-09-19,cited in main manuscript; metadata reconciled
stockmeyer,The Polynomial-Time Hierarchy,research article,Theoretical Computer Science 3(1),1976,https://doi.org/10.1016/0304-3975(76)90061-X,publisher DOI record and primary article,definitions/completeness background inspected,standard polynomial-hierarchy source,2026-09-19,cited in main manuscript; metadata reconciled
sulflow,Using QBF to Increase the Accuracy of SAT-Based Debugging,research article,ISCAS 2010,2010,https://agra.informatik.uni-bremen.de/doc/konf/iscas2010-qbf-debug.pdf,author-hosted full paper and proceedings metadata,full paper inspected,prior quantified debugging formulation,2026-09-19,cited in main manuscript; metadata reconciled
typed-dag,Response Time Bounds for Typed DAG Parallel Tasks on Heterogeneous Multi-Cores,research article,IEEE TPDS 30(11),2019,https://doi.org/10.1109/TPDS.2019.2916696,publisher DOI/arXiv record and full paper,full paper inspected,response-time rather than repair-cost distinction,2026-09-19,cited in main manuscript; metadata reconciled
